size_bytes,incoming_reference_count,outgoing_reference_count,heap_utilization_at_allocation,allocation_rate,gc_cycles_survived,age_at_prediction,allocation_site,expected_probability
448,0,0,0.001,0.1,0,0,short-lived,0.0033923089504241943
240,0,0,0.002,0.2,0,0,short-lived,0.003489881753921509
64,0,0,0.003,0.3,0,0,short-lived,0.0035972893238067627
176,0,0,0.004,0.4,0,0,short-lived,0.003773123025894165
464,0,0,0.005,0.5,0,0,short-lived,0.003999918699264526
80,0,0,0.006,0.6,0,0,short-lived,0.004071354866027832
16,0,0,0.007,0.7,0,0,short-lived,0.0042250752449035645
208,0,0,0.008,0.8,0,0,short-lived,0.004453003406524658
224,0,0,0.009,0.9,0,0,short-lived,0.004643470048904419
480,0,0,0.01,1.0,0,0,short-lived,0.004912823438644409
496,0,0,0.011,1.0,0,0,short-lived,0.004756838083267212
432,0,0,0.012,1.0,0,0,short-lived,0.004583477973937988
480,0,0,0.013,1.0,0,0,short-lived,0.0044463276863098145
208,0,0,0.014,1.0,0,0,short-lived,0.004230678081512451
384,0,0,0.015,1.0,0,0,short-lived,0.004136085510253906
208,0,0,0.016,1.0,0,0,short-lived,0.003958314657211304
320,0,0,0.017,1.0,0,0,short-lived,0.00385478138923645
416,0,0,0.018,1.0,0,0,short-lived,0.003750324249267578
512,0,0,0.019,1.0,0,0,short-lived,0.003648728132247925
512,0,0,0.02,1.0,0,0,short-lived,0.003529161214828491
